id,animal,training,dance
itap,Cat,Affection,No
xbnu,Cat,Affection,No
whxe,Cat,Affection,No
hsyj,Dog,Food,Yes
xbcv,Cat,Affection,No
tgjs,Cat,Affection,No
gkyg,Dog,Affection,Yes
miqv,Cat,Affection,No
caed,Cat,Affection,Yes
hyml,Cat,Affection,No
vwkj,Cat,Affection,No
yhej,Cat,Affection,No
vxow,Dog,Affection,Yes
qqny,Cat,Affection,No
kgss,Dog,Affection,Yes
bqbe,Cat,Affection,No
vfqf,Cat,Affection,Yes
gnvu,Cat,Affection,No
rygn,Cat,Affection,Yes
pmab,Cat,Affection,No
ugqg,Cat,Affection,No
pmcs,Cat,Food,Yes
ljai,Cat,Affection,Yes
grtp,Cat,Food,Yes
fuhb,Cat,Affection,No
gqif,Cat,Affection,No
dhlt,Cat,Food,No
gtjq,Cat,Affection,No
dlkj,Cat,Affection,No
qdgj,Cat,Affection,No
fbwm,Cat,Affection,No
xqax,Dog,Food,Yes
rdfg,Dog,Affection,Yes
jkvs,Cat,Affection,No
fscv,Cat,Affection,No
rkui,Dog,Food,No
hrfc,Cat,Affection,No
rpkq,Cat,Affection,No
mmxc,Dog,Food,No
ipnt,Dog,Affection,Yes
xjml,Dog,Affection,No
ymxd,Cat,Affection,Yes
luhh,Cat,Affection,No
sapl,Cat,Affection,No
rypa,Cat,Affection,No
esat,Cat,Affection,Yes
ichy,Dog,Food,Yes
ghkl,Cat,Affection,No
nxtm,Dog,Affection,Yes
mtad,Cat,Affection,Yes
wksb,Cat,Food,Yes
vwvo,Cat,Affection,No
pyka,Cat,Affection,Yes
ewxx,Cat,Affection,Yes
ixvn,Cat,Affection,No
qlga,Dog,Affection,Yes
ioqu,Cat,Affection,Yes
qxhd,Cat,Food,No
pamr,Cat,Affection,No
yrfl,Cat,Food,Yes
jajt,Dog,Food,Yes
ikqr,Dog,Food,Yes
yyqw,Cat,Affection,No
fbbj,Cat,Affection,No
kqby,Cat,Affection,Yes
jorn,Cat,Affection,No
ujfd,Cat,Food,No
jxqo,Cat,Affection,No
rqmn,Dog,Food,No
osqs,Cat,Affection,No
aqqj,Cat,Affection,No
lyqn,Cat,Affection,No
wprr,Dog,Food,Yes
xlrx,Cat,Affection,Yes
svia,Dog,Affection,Yes
hsxq,Cat,Affection,Yes
farx,Dog,Affection,Yes
oksg,Cat,Food,Yes
oyqk,Dog,Food,Yes
akmg,Cat,Affection,No
qacb,Cat,Affection,No
jfim,Cat,Affection,No
qayh,Cat,Affection,Yes
iikc,Cat,Food,Yes
ebjf,Dog,Food,Yes
evfh,Cat,Affection,No
fibv,Cat,Affection,No
ljjp,Cat,Affection,No
lxrl,Cat,Affection,No
cfyf,Cat,Affection,No
gvwq,Cat,Affection,No
uodv,Cat,Affection,No
dkbx,Dog,Food,Yes
jbiq,Dog,Food,No
kkxc,Dog,Affection,Yes
rhwd,Cat,Affection,No
yorp,Dog,Food,No
bmik,Cat,Affection,No
urtg,Cat,Affection,No
jtna,Cat,Food,Yes
ftrb,Cat,Affection,Yes
exgu,Cat,Affection,No
dqbx,Cat,Affection,No
pbws,Cat,Affection,Yes
piwn,Cat,Affection,No
gslr,Cat,Affection,Yes
yiaj,Cat,Affection,No
jkpc,Dog,Affection,No
mvbk,Cat,Affection,Yes
deqn,Dog,Food,Yes
heih,Cat,Affection,No
ugvw,Dog,Affection,No
cmvi,Dog,Food,Yes
tvfb,Cat,Food,No
lcln,Cat,Food,No
xgag,Cat,Affection,No
ycjs,Dog,Affection,Yes
nvic,Dog,Food,Yes
iuvt,Cat,Affection,No
ukab,Cat,Affection,No
wuaa,Cat,Affection,Yes
vrtv,Cat,Affection,No
lbck,Dog,Affection,Yes
tsjr,Dog,Food,Yes
bspi,Dog,Affection,Yes
cgsj,Cat,Affection,Yes
vvtm,Cat,Affection,Yes
wvfr,Dog,Food,Yes
iepa,Cat,Food,Yes
iaxf,Cat,Affection,Yes
hrok,Cat,Food,Yes
mdpr,Cat,Food,Yes
cuoh,Dog,Food,Yes
vbjh,Cat,Affection,No
rgic,Cat,Affection,No
rmah,Cat,Affection,No
plgv,Dog,Affection,Yes
pjma,Cat,Affection,Yes
rqla,Cat,Affection,Yes
gege,Cat,Affection,No
milk,Cat,Affection,No
okan,Cat,Affection,No
lelv,Dog,Affection,Yes
fkqu,Cat,Food,No
ockb,Cat,Affection,Yes
tsts,Cat,Affection,No
ditw,Cat,Affection,Yes
qbbo,Dog,Affection,Yes
lkgg,Cat,Affection,No
dixy,Cat,Affection,Yes
joaq,Cat,Affection,No
jsxg,Cat,Affection,Yes
tlph,Cat,Affection,No
qaje,Cat,Affection,No
lhab,Cat,Affection,No
yxhf,Cat,Food,Yes
mxym,Dog,Food,Yes
qvte,Dog,Food,No
soeb,Cat,Affection,No
povc,Cat,Affection,No
ayec,Cat,Affection,Yes
bdfu,Cat,Affection,No
ssil,Cat,Food,No
ewpk,Cat,Affection,No
dunx,Dog,Affection,Yes
xxxd,Cat,Food,Yes
kjfk,Cat,Food,Yes
puqa,Dog,Food,No
pvgy,Cat,Food,Yes
sgpu,Cat,Affection,No
msbb,Cat,Affection,No
kjev,Cat,Affection,No
hmbj,Cat,Affection,No
vckr,Cat,Affection,No
psee,Cat,Affection,No
ddbi,Cat,Food,Yes
cclf,Dog,Affection,Yes
qkwc,Dog,Affection,No
hoxf,Dog,Food,No
rtqp,Cat,Affection,Yes
fflm,Cat,Affection,Yes
awqe,Cat,Food,Yes
pqbb,Cat,Affection,Yes
rbqv,Dog,Affection,Yes
yron,Cat,Affection,No
qaxk,Cat,Affection,No
utyq,Cat,Affection,Yes
bwip,Cat,Food,Yes
ainu,Cat,Affection,Yes
msrn,Cat,Affection,No
gvqi,Cat,Affection,No
lkyq,Cat,Affection,No
jkoh,Cat,Affection,Yes
dkja,Cat,Affection,Yes
ubye,Cat,Affection,Yes
cvly,Cat,Affection,No
tmst,Cat,Affection,No
qiar,Dog,Affection,Yes
ohky,Cat,Affection,Yes
vrkt,Cat,Affection,No
yklq,Cat,Affection,Yes
eyxr,Cat,Affection,Yes
lbwg,Cat,Food,Yes
itgn,Cat,Affection,No
eavc,Cat,Affection,Yes
nkco,Cat,Affection,No
qese,Cat,Affection,No
gffr,Dog,Affection,Yes
ocpo,Cat,Affection,No
joxp,Dog,Food,No
yfgo,Dog,Affection,Yes
chew,Cat,Affection,Yes
bxqp,Cat,Affection,No
iasg,Cat,Food,No
bgfn,Dog,Affection,Yes
julv,Dog,Food,Yes
xegq,Dog,Food,No
lead,Dog,Affection,Yes
hbwm,Cat,Affection,Yes
qqyd,Cat,Food,Yes
mggj,Dog,Affection,Yes
gehr,Cat,Affection,No
vffu,Dog,Affection,No
qiij,Dog,Affection,Yes
xwop,Dog,Food,No
foae,Cat,Affection,No
uesq,Cat,Affection,No
hdup,Cat,Affection,Yes
tuei,Cat,Affection,No
qkcg,Cat,Affection,No
eesc,Dog,Affection,Yes
nyxs,Cat,Affection,No
wyqc,Dog,Food,No
bhdw,Dog,Affection,No
seqt,Dog,Food,No
aoas,Cat,Affection,No
qkor,Cat,Food,Yes
ribm,Cat,Food,Yes
lpbl,Cat,Affection,No
yfej,Cat,Food,Yes
ldtf,Cat,Affection,No
griq,Cat,Food,Yes
ruvl,Dog,Food,Yes
tnml,Cat,Affection,No
raei,Cat,Affection,No
lpha,Cat,Affection,Yes
vnsv,Dog,Food,No
ykkr,Cat,Food,No
lsat,Dog,Food,Yes
ojda,Cat,Affection,Yes
rrck,Cat,Food,Yes
cypj,Cat,Affection,No
kmgn,Cat,Food,Yes
mdjv,Cat,Affection,Yes
thcr,Cat,Affection,Yes
ipbr,Cat,Affection,No
gsqg,Cat,Food,Yes
awcu,Cat,Affection,No
gubv,Cat,Affection,No
oeod,Cat,Food,Yes
yfne,Dog,Affection,Yes
ikhq,Cat,Affection,No
kumi,Dog,Affection,No
tswm,Cat,Food,No
mrjy,Dog,Food,Yes
lkop,Cat,Affection,No
oohp,Dog,Affection,Yes
lacm,Cat,Food,Yes
xwpk,Cat,Affection,No
cvsk,Cat,Affection,No
