id,message,intrusions
elsc,Message,11
axwv,Message,8
xdfs,Message,7
ucgh,Message,4
aiof,Message,10
rpmu,Message,11
thsl,Message,16
yemq,Message,10
xihm,Message,8
frxt,Message,2
xewv,Message,11
keby,Message,9
ttrk,Message,11
rctv,Message,11
ccph,Message,17
tjkm,Message,9
ympu,Message,14
sngq,Message,6
xnot,Message,9
axsn,Message,7
hvmn,Message,6
lglh,Message,11
vnre,Message,15
kqes,Message,8
sjsp,Message,11
igpb,Message,5
iqaj,Message,8
ppae,Message,11
bvwd,Message,6
xugc,Message,11
nked,Message,8
xpyv,Message,2
elsc,No message,9
axwv,No message,8
xdfs,No message,6
ucgh,No message,5
aiof,No message,19
rpmu,No message,20
thsl,No message,11
yemq,No message,8
xihm,No message,21
frxt,No message,4
xewv,No message,11
keby,No message,14
ttrk,No message,10
rctv,No message,12
ccph,No message,17
tjkm,No message,8
ympu,No message,11
sngq,No message,12
xnot,No message,10
axsn,No message,9
hvmn,No message,12
lglh,No message,9
vnre,No message,12
kqes,No message,11
sjsp,No message,21
igpb,No message,17
iqaj,No message,9
ppae,No message,10
bvwd,No message,12
xugc,No message,11
nked,No message,7
xpyv,No message,12
