name,birth_date,death_date,instrument,current_member,songs_written,net_worth,albums,worth_per_song
Lars Ulrich,1963-12-26,NA,Drums,TRUE,111,300000000,10,2702702.7027027025
James Hetfield,1963-08-03,NA,Guitar,TRUE,112,300000000,10,2678571.4285714286
Kirk Hammett,1962-11-18,NA,Guitar,TRUE,56,200000000,10,3571428.5714285714
Rob Trujillo,1964-10-23,NA,Bass,TRUE,16,20000000,2,1250000
Jason Newsted,1963-03-04,NA,Bass,FALSE,3,40000000,4,13333333.333333334
Cliff Burton,1962-02-10,1986-09-27,Bass,FALSE,11,1000000,3,90909.09090909091
Dave Mustaine,1961-09-13,NA,Guitar,FALSE,6,20000000,0,3333333.3333333335
