id,grade,age,sex,status,profile,extraversion,narcissism,rating_type,rating
2,Sec 1,13,Male,1,8,40,31,Attractiveness,2
3,Sec 1,13,Male,1,8,39,37,Attractiveness,2
4,Sec 1,13,Male,0.06,NA,38,16,Attractiveness,NA
5,Sec 1,13,Male,0,NA,26,26,Attractiveness,NA
6,Sec 1,13,Male,1,12,51,44.47,Attractiveness,3
7,Sec 1,13,Male,0.25,10,44,30,Attractiveness,1
8,Sec 1,13,Female,NA,14,38,28,Attractiveness,4
9,Sec 1,13,Female,NA,NA,46,23,Attractiveness,NA
10,Sec 1,13,Male,0.02,NA,38,15,Attractiveness,NA
11,Sec 1,13,Male,7,NA,58,55,Attractiveness,NA
12,Sec 1,13,Female,0,NA,39,21,Attractiveness,NA
14,Sec 1,13,Male,1,NA,46,41,Attractiveness,NA
15,Sec 1,13,Male,3.5,20,48,42,Attractiveness,5
16,Sec 1,13,Female,NA,12,36.76,23.47,Attractiveness,3
17,Sec 1,13,Female,0.5,7,30,28,Attractiveness,2
18,Sec 1,13,Female,1,NA,26,29,Attractiveness,NA
19,Sec 1,13,Female,0.25,NA,42,15,Attractiveness,NA
20,Sec 1,13,Female,1,12,49,44,Attractiveness,3
22,Sec 1,13,Male,0.25,NA,41,27,Attractiveness,NA
24,Sec 1,13,Male,7,NA,29,30,Attractiveness,NA
25,Sec 1,13,Female,1,15,57,40,Attractiveness,4
26,Sec 1,13,Female,3.5,12,39,32.46,Attractiveness,3
27,Sec 1,13,Male,0,8,35,24,Attractiveness,1
28,Sec 1,13,Male,7,13,40,38,Attractiveness,3
29,Sec 1,13,Male,0,12,32,19,Attractiveness,3
30,Sec 1,13,Male,1,NA,48.76,32,Attractiveness,NA
31,Sec 1,13,Male,7,12,36,22,Attractiveness,3
32,Sec 1,13,Male,0,12,47,48,Attractiveness,3
34,Sec 1,13,Male,0,NA,31,24,Attractiveness,NA
36,Sec 1,13,Female,0.25,NA,49,36,Attractiveness,NA
37,Sec 1,13,Male,1,4,40,22,Attractiveness,1
38,Sec 1,13,Female,1,9,35,26,Attractiveness,3
39,Sec 1,13,Female,7,12,60,33,Attractiveness,3
41,Sec 1,13,Female,NA,12,38,26,Attractiveness,3
42,Sec 1,13,Female,NA,13,37,22,Attractiveness,3
43,Sec 1,13,Female,7,12,50,31,Attractiveness,3
44,Sec 1,13,Female,7,17,43,50,Attractiveness,4
45,Sec 1,13,Male,1,NA,37,39,Attractiveness,NA
46,Sec 1,13,Female,7,13,46,37,Attractiveness,4
48,Sec 1,13,Male,0.5,NA,47,24,Attractiveness,NA
56,Sec 2,14,Male,0.25,NA,37,38,Attractiveness,NA
57,Sec 2,14,Female,2.33,NA,43,26,Attractiveness,NA
58,Sec 2,14,NA,0,NA,42,29,Attractiveness,NA
61,Sec 2,14,Male,7,NA,40,42,Attractiveness,NA
62,Sec 2,14,Female,0.5,9,51,30,Attractiveness,3
63,Sec 2,14,Female,0.5,14,43,33,Attractiveness,4
64,Sec 2,14,Female,1,NA,45,42.52,Attractiveness,NA
65,Sec 2,14,Female,1,13,50,38,Attractiveness,3
67,Sec 2,14,Female,7,NA,40,36,Attractiveness,NA
68,Sec 2,14,Female,NA,15,48,30,Attractiveness,3
70,Sec 2,14,Female,0.5,9,50,45,Attractiveness,2
71,Sec 2,14,Male,0,NA,42,33,Attractiveness,NA
72,Sec 2,14,Female,3.5,4,47,23,Attractiveness,1
74,Sec 2,14,Female,0.75,11,51,30,Attractiveness,3
75,Sec 2,14,Female,0.08,12,49,39,Attractiveness,3
76,Sec 2,14,Female,3,5,37,21,Attractiveness,1
77,Sec 2,14,Male,1,NA,38,20,Attractiveness,NA
78,Sec 2,14,Male,0,NA,49,33,Attractiveness,NA
79,Sec 2,14,Female,7,13,48,31,Attractiveness,3
80,Sec 2,14,Male,0.75,11,49,41,Attractiveness,3
81,Sec 2,14,Male,2,NA,37,33,Attractiveness,NA
82,Sec 2,14,Male,0,7,46,38,Attractiveness,3
83,Sec 2,14,Male,0,NA,44,23,Attractiveness,NA
84,Sec 2,14,Female,0.25,NA,38,17,Attractiveness,NA
89,Sec 3,15,Female,0.25,NA,45,35,Attractiveness,NA
90,Sec 3,15,Female,2,10,52,35,Attractiveness,3
91,Sec 3,15,Male,7,8,39,26,Attractiveness,2
93,Sec 3,15,Female,3.5,16,44.16,35,Attractiveness,3
95,Sec 3,15,Male,0.25,13,51,48,Attractiveness,4
96,Sec 3,15,Female,0.5,8,38,23,Attractiveness,2
97,Sec 3,15,Male,0.25,16,54,41,Attractiveness,5
98,Sec 3,15,Female,NA,12,47.87,36,Attractiveness,3
99,Sec 3,15,Female,0.5,12,50,29,Attractiveness,3
100,Sec 3,15,Female,2,10,47,34,Attractiveness,2
101,Sec 3,15,Female,7,14,57,50,Attractiveness,3
102,Sec 3,15,Male,1,13,42,36,Attractiveness,3
103,Sec 3,15,Female,1,12,43,27,Attractiveness,3
105,Sec 3,15,Female,0.5,12,44,31,Attractiveness,3
106,Sec 3,15,Female,0.75,14,48,35,Attractiveness,4
107,Sec 3,15,Female,0.25,9,45,25,Attractiveness,3
108,Sec 3,15,Female,1,12,45,23,Attractiveness,3
109,Sec 3,15,Female,0,6,44,32,Attractiveness,1
110,Sec 3,15,Male,1,13,45,32,Attractiveness,3
111,Sec 3,15,Female,1.25,12,47,32,Attractiveness,3
112,Sec 3,15,Female,1,11,44,25,Attractiveness,3
113,Sec 3,15,Male,1,11,38,36,Attractiveness,3
114,Sec 3,15,Female,3.5,12,44,37,Attractiveness,3
115,Sec 3,15,Female,0.5,12,40,33,Attractiveness,3
116,Sec 3,15,Female,1,8,41,19,Attractiveness,2
117,Sec 3,15,Female,1,5,38,25,Attractiveness,2
118,Sec 3,15,Female,0.5,6,35,36,Attractiveness,2
119,Sec 3,15,Female,0.5,12,42,33,Attractiveness,3
120,Sec 3,15,Male,0.5,12,44,29,Attractiveness,3
139,Sec 1,12,Male,0.5,4,40,31,Attractiveness,1
140,Sec 1,13,Male,NA,NA,53,37,Attractiveness,NA
141,Sec 1,12,Female,3,NA,42,45,Attractiveness,NA
142,Sec 1,14,Male,0,NA,33,30,Attractiveness,NA
143,Sec 1,13,Female,2,12,43,34,Attractiveness,3
144,Sec 1,13,Female,0.083,18,47,34,Attractiveness,5
145,Sec 1,13,Female,0.5,4,41,26,Attractiveness,1
146,Sec 1,13,Female,0.5,7,43,20,Attractiveness,1
147,Sec 1,13,Male,1,12,39,36.41,Attractiveness,2
148,Sec 1,13,Male,7,20,45,28.46,Attractiveness,5
149,Sec 1,13,Female,7,15,52,45,Attractiveness,4
150,Sec 1,13,Female,1.75,10,52,28,Attractiveness,2
151,Sec 1,NA,Male,2,NA,45,53,Attractiveness,NA
152,Sec 1,12,Female,2,10,46,29,Attractiveness,3
153,Sec 1,13,Female,7,NA,44,44,Attractiveness,NA
154,Sec 1,14,Male,1,12,39,36,Attractiveness,3
156,Sec 1,13,Female,7,9,40,42,Attractiveness,3
157,Sec 1,13,Male,0.5,7,46,27.44,Attractiveness,2
158,Sec 1,13,Male,7,7,33,23,Attractiveness,2
159,Sec 1,13,Male,NA,NA,41,34,Attractiveness,NA
160,Sec 1,NA,Female,0.5,6,48,40.52,Attractiveness,2
161,Sec 1,14,Male,NA,NA,38,28,Attractiveness,NA
164,Sec 3,17,Male,1,13,41,41,Attractiveness,3
165,Sec 3,15,Female,0.25,4,38,17,Attractiveness,1
166,Sec 3,15,Female,0,NA,42,17,Attractiveness,NA
167,Sec 3,15,Female,7,11,47,39,Attractiveness,3
168,Sec 3,15,Female,7,12,35,24,Attractiveness,3
170,Sec 3,15,Male,0,15,48,50,Attractiveness,3
171,Sec 3,15,Male,NA,NA,46,36,Attractiveness,NA
172,Sec 3,15,Male,2,12,36,35,Attractiveness,3
173,Sec 3,15,Female,4,5,34,21,Attractiveness,1
174,Sec 3,18,Male,0,9,34,28,Attractiveness,2
175,Sec 3,15,Female,7,12,35,22,Attractiveness,3
176,Sec 3,14,Female,0.25,12,47,35,Attractiveness,3
177,Sec 3,15,Female,0.25,NA,36,18,Attractiveness,NA
178,Sec 3,15,Male,0.042,16,46,29,Attractiveness,4
179,Sec 3,15,Male,0.25,NA,41,29,Attractiveness,NA
181,Sec 3,15,Female,14,16,53,42,Attractiveness,4
182,Sec 3,14,Female,0,11,44,27,Attractiveness,3
183,Sec 3,15,Female,0,12,46,27,Attractiveness,3
184,Sec 3,16,Female,0.042,17,42,36,Attractiveness,4
185,Sec 3,15,Male,0,NA,28,34,Attractiveness,NA
186,Sec 3,15,Female,0.5,11,41,40,Attractiveness,3
187,Sec 3,14,Female,0.5,8,40,25,Attractiveness,3
188,Sec 3,15,Male,1,12,45,42,Attractiveness,3
189,Sec 3,15,Male,0,NA,39,31,Attractiveness,NA
191,Sec 3,15,Female,0.25,10,36,25,Attractiveness,1
192,Sec 3,15,Male,0.25,12,43,33,Attractiveness,3
193,Sec 3,15,Male,0,20,41,36,Attractiveness,5
194,Sec 3,15,Male,0.021,20,51,45,Attractiveness,5
195,Sec 3,15,Female,7,NA,46,45,Attractiveness,NA
196,Sec 3,15,Female,0.25,NA,37,23,Attractiveness,NA
197,Sec 3,15,Female,0.25,NA,41.76,29,Attractiveness,NA
198,Sec 3,15,Female,0.25,12,38,31,Attractiveness,3
199,Sec 3,15,Female,0.25,6,47,23,Attractiveness,2
200,Sec 3,15,Female,0.5,NA,49,45,Attractiveness,NA
201,Sec 3,15,Female,1,9,43,28,Attractiveness,3
202,Sec 3,15,Female,0.25,NA,36,19,Attractiveness,NA
203,Sec 3,15,Female,2,12,38,26,Attractiveness,3
204,Sec 3,14,Female,0.5,14,50,37.06,Attractiveness,4
205,Sec 3,15,Female,2,12,58,38,Attractiveness,3
206,Sec 3,15,Female,0.25,NA,49,37,Attractiveness,NA
207,Sec 3,15,Female,0.021,NA,43,42,Attractiveness,NA
208,Sec 3,15,Female,0.25,8,35,23,Attractiveness,2
209,Sec 3,16,Female,0.25,18,50,40,Attractiveness,5
211,Sec 3,15,Male,0.25,11,45,41,Attractiveness,4
212,Sec 3,15,Male,0.25,NA,39,39.06,Attractiveness,NA
213,Sec 3,15,Female,0,10,48.6,28,Attractiveness,1
214,Sec 3,15,Male,3.5,20,56,47,Attractiveness,5
215,Sec 3,15,Male,1,12,49,46,Attractiveness,3
216,Sec 3,16,Male,0.5,NA,33,25,Attractiveness,NA
217,Sec 3,15,Female,1,12,47,30,Attractiveness,3
218,Sec 3,15,Female,0,NA,43,31,Attractiveness,NA
219,Sec 3,15,Female,1,13,37,41,Attractiveness,3
220,Sec 3,15,Female,0.042,14,48,34,Attractiveness,4
221,Sec 3,15,Female,0,12,46,26,Attractiveness,3
222,Sec 3,14,Male,4,19,45,35,Attractiveness,5
223,Sec 3,15,Male,0.021,NA,38,32,Attractiveness,NA
224,Sec 3,15,Male,0,NA,43,37,Attractiveness,NA
225,Sec 3,15,Female,1.75,8,50,36,Attractiveness,2
226,Sec 3,15,Female,1,12,52,30,Attractiveness,3
227,Sec 3,15,Female,1,12,42,31,Attractiveness,3
234,Sec 2,14,Male,0.25,NA,53,35,Attractiveness,NA
235,Sec 2,14,Male,1,NA,43,39,Attractiveness,NA
236,Sec 2,14,Male,NA,16,43,38,Attractiveness,3
237,Sec 2,14,Male,NA,12,45,44,Attractiveness,3
238,Sec 2,14,Male,0.25,12,39,24.52,Attractiveness,3
239,Sec 2,14,Male,1,NA,31,25,Attractiveness,NA
241,Sec 2,14,Female,0.25,NA,41,33,Attractiveness,NA
242,Sec 2,14,Female,1,12,44,36,Attractiveness,3
243,Sec 2,14,Female,0.5,4,49,36,Attractiveness,1
244,Sec 2,14,Male,0.25,NA,36,29,Attractiveness,NA
245,Sec 2,14,Male,0.021,8,37,37,Attractiveness,2
246,Sec 2,14,Male,7,20,50,52,Attractiveness,5
247,Sec 2,14,Female,7,12,40,33,Attractiveness,3
248,Sec 2,14,Male,1,14,49,31,Attractiveness,3
249,Sec 2,14,Male,0.25,12,50,39,Attractiveness,3
250,Sec 2,14,Female,4,9,42,27,Attractiveness,1
251,Sec 2,14,Female,3,10,49,35,Attractiveness,2
252,Sec 2,13,Female,0,12,49,33,Attractiveness,3
253,Sec 2,14,Female,7,8,57,29,Attractiveness,2
255,Sec 2,14,Female,7,12,48,38,Attractiveness,3
256,Sec 2,14,Female,0.25,10,41,34,Attractiveness,3
257,Sec 2,14,Female,1,NA,37,36,Attractiveness,NA
258,Sec 2,14,Female,NA,16,54,41,Attractiveness,4
264,Sec 3,16,Male,0,4,45,38,Attractiveness,1
272,Sec 3,15,Female,7,14,47.08,32,Attractiveness,5
273,Sec 3,15,Male,1.14,12,33,21,Attractiveness,3
274,Sec 3,15,Male,3,4,40,37,Attractiveness,1
275,Sec 3,15,Female,1,12,42,36,Attractiveness,3
276,Sec 3,15,Female,1,NA,46,34,Attractiveness,NA
277,Sec 3,15,Male,0,12,45,45,Attractiveness,3
279,Sec 3,15,Female,0,NA,32,36,Attractiveness,NA
280,Sec 3,15,Female,0.125,12,41,19,Attractiveness,3
281,Sec 3,16,Female,2.33,16,40,31,Attractiveness,4
282,Sec 3,16,Female,0.083,11,43,35,Attractiveness,2
283,Sec 3,17,Female,0.5,9,43,23,Attractiveness,2
284,Sec 3,18,Male,0.019,9,54,31.06,Attractiveness,3
285,Sec 3,15,Female,0,NA,43,39,Attractiveness,NA
286,Sec 3,15,Male,0.25,NA,40,30,Attractiveness,NA
287,Sec 3,16,Female,1,19,47,38,Attractiveness,5
288,Sec 3,16,Female,0.5,11,39,30,Attractiveness,2
289,Sec 3,15,Female,3,NA,34,28,Attractiveness,NA
290,Sec 3,15,Female,0.75,12,51,39,Attractiveness,3
291,Sec 3,15,Female,0,4,39,34,Attractiveness,1
292,Sec 3,15,Female,0,NA,33,28,Attractiveness,NA
293,Sec 3,15,Female,2,12,47,38,Attractiveness,3
294,Sec 3,15,Female,1,13,41,40,Attractiveness,3
295,Sec 3,15,Female,1,9,46,27,Attractiveness,2
296,Sec 3,16,Male,NA,NA,35,28,Attractiveness,NA
314,Sec 2,14,Female,0.5,10,43,33,Attractiveness,3
316,Sec 2,13,Female,1,NA,35,28.06,Attractiveness,NA
318,Sec 2,15,Female,0,12,48,39.47,Attractiveness,3
319,Sec 2,14,Female,0.5,8,46,31,Attractiveness,2
320,Sec 2,14,Female,7,12,39,24,Attractiveness,3
321,Sec 2,14,Female,NA,15,55,49,Attractiveness,5
322,Sec 2,14,Female,1.25,15,52,30,Attractiveness,5
324,Sec 2,14,Female,14,16,49,34,Attractiveness,4
325,Sec 2,14,Female,0.25,4,41,32,Attractiveness,1
326,Sec 2,14,Male,0,NA,54,30,Attractiveness,NA
327,Sec 2,14,Male,0.25,12,38,44,Attractiveness,3
328,Sec 2,14,Female,7,10,53,35,Attractiveness,2
329,Sec 2,14,Male,1,12,42,24,Attractiveness,3
330,Sec 2,14,Female,NA,9,41,32,Attractiveness,3
331,Sec 2,14,Male,0.019,20,51,45,Attractiveness,5
332,Sec 2,14,Female,0.25,NA,50,24,Attractiveness,NA
338,Sec 1,13,Female,0.25,8,44,14,Attractiveness,2
339,Sec 1,13,Female,0.019,NA,43,17,Attractiveness,NA
340,Sec 1,13,Male,1,11,43,36,Attractiveness,3
341,Sec 1,13,Male,1,12,42,41,Attractiveness,3
342,Sec 1,13,Male,0,NA,36,20,Attractiveness,NA
343,Sec 1,12,Female,0,14,44,31,Attractiveness,3
344,Sec 1,12,Female,0,NA,41,29,Attractiveness,NA
345,Sec 1,13,Female,0,8,45,26,Attractiveness,2
347,Sec 1,12,Female,0.5,12,53,47,Attractiveness,3
348,Sec 1,13,Female,7,NA,42,33,Attractiveness,NA
349,Sec 1,13,Female,0.25,12,44,29,Attractiveness,3
350,Sec 1,13,Female,2,12,35,22,Attractiveness,3
351,Sec 1,13,Male,0.25,NA,32,25,Attractiveness,NA
352,Sec 1,13,Male,0.25,NA,45,16,Attractiveness,NA
353,Sec 1,15,Male,2,NA,40.08,37,Attractiveness,NA
355,Sec 1,15,Female,NA,8,38,25,Attractiveness,2
356,Sec 1,13,Female,NA,8,36,23,Attractiveness,2
357,Sec 1,13,Female,1,10,39,22,Attractiveness,3
361,Sec 1,13,Male,2,17,51,51,Attractiveness,4
362,Sec 1,13,Male,0.25,NA,44,40,Attractiveness,NA
367,Sec 2,16,Female,0,16,37,30,Attractiveness,5
368,Sec 2,14,Male,7,NA,36,36,Attractiveness,NA
369,Sec 2,13,Female,0.25,NA,38,29,Attractiveness,NA
371,Sec 2,13,Female,0.5,NA,50,33.99,Attractiveness,NA
372,Sec 2,14,Female,0.25,10,47,26,Attractiveness,2
373,Sec 2,13,Male,0.33,8,42,34,Attractiveness,2
375,Sec 2,14,Male,0.019,17,48,41.39,Attractiveness,4
376,Sec 2,14,Male,0.25,13,42,42,Attractiveness,3
377,Sec 2,14,Male,NA,12,39,33,Attractiveness,4
378,Sec 2,14,Male,0,12,37,36,Attractiveness,3
379,Sec 2,14,Male,1,20,47,37,Attractiveness,5
380,Sec 2,14,Male,NA,14,46,30,Attractiveness,3
381,Sec 2,14,Female,2,12,44,36,Attractiveness,3
383,Sec 2,14,Female,0.5,12,37,36,Attractiveness,3
385,Sec 2,16,Male,1,16,45,38,Attractiveness,3
388,Sec 2,15,Female,3.5,16,44,42,Attractiveness,4
2,Sec 1,13,Male,1,8,40,31,Fashionable,2
3,Sec 1,13,Male,1,8,39,37,Fashionable,2
4,Sec 1,13,Male,0.06,NA,38,16,Fashionable,NA
5,Sec 1,13,Male,0,NA,26,26,Fashionable,NA
6,Sec 1,13,Male,1,12,51,44.47,Fashionable,3
7,Sec 1,13,Male,0.25,10,44,30,Fashionable,3
8,Sec 1,13,Female,NA,14,38,28,Fashionable,3
9,Sec 1,13,Female,NA,NA,46,23,Fashionable,NA
10,Sec 1,13,Male,0.02,NA,38,15,Fashionable,NA
11,Sec 1,13,Male,7,NA,58,55,Fashionable,NA
12,Sec 1,13,Female,0,NA,39,21,Fashionable,NA
14,Sec 1,13,Male,1,NA,46,41,Fashionable,NA
15,Sec 1,13,Male,3.5,20,48,42,Fashionable,5
16,Sec 1,13,Female,NA,12,36.76,23.47,Fashionable,3
17,Sec 1,13,Female,0.5,7,30,28,Fashionable,1
18,Sec 1,13,Female,1,NA,26,29,Fashionable,NA
19,Sec 1,13,Female,0.25,NA,42,15,Fashionable,NA
20,Sec 1,13,Female,1,12,49,44,Fashionable,3
22,Sec 1,13,Male,0.25,NA,41,27,Fashionable,NA
24,Sec 1,13,Male,7,NA,29,30,Fashionable,NA
25,Sec 1,13,Female,1,15,57,40,Fashionable,5
26,Sec 1,13,Female,3.5,12,39,32.46,Fashionable,3
27,Sec 1,13,Male,0,8,35,24,Fashionable,1
28,Sec 1,13,Male,7,13,40,38,Fashionable,3
29,Sec 1,13,Male,0,12,32,19,Fashionable,3
30,Sec 1,13,Male,1,NA,48.76,32,Fashionable,NA
31,Sec 1,13,Male,7,12,36,22,Fashionable,3
32,Sec 1,13,Male,0,12,47,48,Fashionable,3
34,Sec 1,13,Male,0,NA,31,24,Fashionable,NA
36,Sec 1,13,Female,0.25,NA,49,36,Fashionable,NA
37,Sec 1,13,Male,1,4,40,22,Fashionable,1
38,Sec 1,13,Female,1,9,35,26,Fashionable,2
39,Sec 1,13,Female,7,12,60,33,Fashionable,3
41,Sec 1,13,Female,NA,12,38,26,Fashionable,3
42,Sec 1,13,Female,NA,13,37,22,Fashionable,2
43,Sec 1,13,Female,7,12,50,31,Fashionable,3
44,Sec 1,13,Female,7,17,43,50,Fashionable,5
45,Sec 1,13,Male,1,NA,37,39,Fashionable,NA
46,Sec 1,13,Female,7,13,46,37,Fashionable,3
48,Sec 1,13,Male,0.5,NA,47,24,Fashionable,NA
56,Sec 2,14,Male,0.25,NA,37,38,Fashionable,NA
57,Sec 2,14,Female,2.33,NA,43,26,Fashionable,NA
58,Sec 2,14,NA,0,NA,42,29,Fashionable,NA
61,Sec 2,14,Male,7,NA,40,42,Fashionable,NA
62,Sec 2,14,Female,0.5,9,51,30,Fashionable,2
63,Sec 2,14,Female,0.5,14,43,33,Fashionable,2
64,Sec 2,14,Female,1,NA,45,42.52,Fashionable,NA
65,Sec 2,14,Female,1,13,50,38,Fashionable,3
67,Sec 2,14,Female,7,NA,40,36,Fashionable,NA
68,Sec 2,14,Female,NA,15,48,30,Fashionable,4
70,Sec 2,14,Female,0.5,9,50,45,Fashionable,2
71,Sec 2,14,Male,0,NA,42,33,Fashionable,NA
72,Sec 2,14,Female,3.5,4,47,23,Fashionable,1
74,Sec 2,14,Female,0.75,11,51,30,Fashionable,3
75,Sec 2,14,Female,0.08,12,49,39,Fashionable,3
76,Sec 2,14,Female,3,5,37,21,Fashionable,2
77,Sec 2,14,Male,1,NA,38,20,Fashionable,NA
78,Sec 2,14,Male,0,NA,49,33,Fashionable,NA
79,Sec 2,14,Female,7,13,48,31,Fashionable,3
80,Sec 2,14,Male,0.75,11,49,41,Fashionable,3
81,Sec 2,14,Male,2,NA,37,33,Fashionable,NA
82,Sec 2,14,Male,0,7,46,38,Fashionable,1
83,Sec 2,14,Male,0,NA,44,23,Fashionable,NA
84,Sec 2,14,Female,0.25,NA,38,17,Fashionable,NA
89,Sec 3,15,Female,0.25,NA,45,35,Fashionable,NA
90,Sec 3,15,Female,2,10,52,35,Fashionable,2
91,Sec 3,15,Male,7,8,39,26,Fashionable,2
93,Sec 3,15,Female,3.5,16,44.16,35,Fashionable,5
95,Sec 3,15,Male,0.25,13,51,48,Fashionable,2
96,Sec 3,15,Female,0.5,8,38,23,Fashionable,2
97,Sec 3,15,Male,0.25,16,54,41,Fashionable,3
98,Sec 3,15,Female,NA,12,47.87,36,Fashionable,3
99,Sec 3,15,Female,0.5,12,50,29,Fashionable,3
100,Sec 3,15,Female,2,10,47,34,Fashionable,3
101,Sec 3,15,Female,7,14,57,50,Fashionable,4
102,Sec 3,15,Male,1,13,42,36,Fashionable,3
103,Sec 3,15,Female,1,12,43,27,Fashionable,3
105,Sec 3,15,Female,0.5,12,44,31,Fashionable,3
106,Sec 3,15,Female,0.75,14,48,35,Fashionable,3
107,Sec 3,15,Female,0.25,9,45,25,Fashionable,2
108,Sec 3,15,Female,1,12,45,23,Fashionable,3
109,Sec 3,15,Female,0,6,44,32,Fashionable,1
110,Sec 3,15,Male,1,13,45,32,Fashionable,3
111,Sec 3,15,Female,1.25,12,47,32,Fashionable,3
112,Sec 3,15,Female,1,11,44,25,Fashionable,3
113,Sec 3,15,Male,1,11,38,36,Fashionable,3
114,Sec 3,15,Female,3.5,12,44,37,Fashionable,3
115,Sec 3,15,Female,0.5,12,40,33,Fashionable,3
116,Sec 3,15,Female,1,8,41,19,Fashionable,2
117,Sec 3,15,Female,1,5,38,25,Fashionable,1
118,Sec 3,15,Female,0.5,6,35,36,Fashionable,1
119,Sec 3,15,Female,0.5,12,42,33,Fashionable,3
120,Sec 3,15,Male,0.5,12,44,29,Fashionable,3
139,Sec 1,12,Male,0.5,4,40,31,Fashionable,1
140,Sec 1,13,Male,NA,NA,53,37,Fashionable,NA
141,Sec 1,12,Female,3,NA,42,45,Fashionable,NA
142,Sec 1,14,Male,0,NA,33,30,Fashionable,NA
143,Sec 1,13,Female,2,12,43,34,Fashionable,3
144,Sec 1,13,Female,0.083,18,47,34,Fashionable,5
145,Sec 1,13,Female,0.5,4,41,26,Fashionable,1
146,Sec 1,13,Female,0.5,7,43,20,Fashionable,2
147,Sec 1,13,Male,1,12,39,36.41,Fashionable,3
148,Sec 1,13,Male,7,20,45,28.46,Fashionable,5
149,Sec 1,13,Female,7,15,52,45,Fashionable,3
150,Sec 1,13,Female,1.75,10,52,28,Fashionable,3
151,Sec 1,NA,Male,2,NA,45,53,Fashionable,NA
152,Sec 1,12,Female,2,10,46,29,Fashionable,2
153,Sec 1,13,Female,7,NA,44,44,Fashionable,NA
154,Sec 1,14,Male,1,12,39,36,Fashionable,3
156,Sec 1,13,Female,7,9,40,42,Fashionable,1
157,Sec 1,13,Male,0.5,7,46,27.44,Fashionable,2
158,Sec 1,13,Male,7,7,33,23,Fashionable,2
159,Sec 1,13,Male,NA,NA,41,34,Fashionable,NA
160,Sec 1,NA,Female,0.5,6,48,40.52,Fashionable,1
161,Sec 1,14,Male,NA,NA,38,28,Fashionable,NA
164,Sec 3,17,Male,1,13,41,41,Fashionable,4
165,Sec 3,15,Female,0.25,4,38,17,Fashionable,1
166,Sec 3,15,Female,0,NA,42,17,Fashionable,NA
167,Sec 3,15,Female,7,11,47,39,Fashionable,3
168,Sec 3,15,Female,7,12,35,24,Fashionable,3
170,Sec 3,15,Male,0,15,48,50,Fashionable,4
171,Sec 3,15,Male,NA,NA,46,36,Fashionable,NA
172,Sec 3,15,Male,2,12,36,35,Fashionable,3
173,Sec 3,15,Female,4,5,34,21,Fashionable,2
174,Sec 3,18,Male,0,9,34,28,Fashionable,3
175,Sec 3,15,Female,7,12,35,22,Fashionable,3
176,Sec 3,14,Female,0.25,12,47,35,Fashionable,3
177,Sec 3,15,Female,0.25,NA,36,18,Fashionable,NA
178,Sec 3,15,Male,0.042,16,46,29,Fashionable,4
179,Sec 3,15,Male,0.25,NA,41,29,Fashionable,NA
181,Sec 3,15,Female,14,16,53,42,Fashionable,4
182,Sec 3,14,Female,0,11,44,27,Fashionable,3
183,Sec 3,15,Female,0,12,46,27,Fashionable,3
184,Sec 3,16,Female,0.042,17,42,36,Fashionable,5
185,Sec 3,15,Male,0,NA,28,34,Fashionable,NA
186,Sec 3,15,Female,0.5,11,41,40,Fashionable,3
187,Sec 3,14,Female,0.5,8,40,25,Fashionable,2
188,Sec 3,15,Male,1,12,45,42,Fashionable,3
189,Sec 3,15,Male,0,NA,39,31,Fashionable,NA
191,Sec 3,15,Female,0.25,10,36,25,Fashionable,1
192,Sec 3,15,Male,0.25,12,43,33,Fashionable,3
193,Sec 3,15,Male,0,20,41,36,Fashionable,5
194,Sec 3,15,Male,0.021,20,51,45,Fashionable,5
195,Sec 3,15,Female,7,NA,46,45,Fashionable,NA
196,Sec 3,15,Female,0.25,NA,37,23,Fashionable,NA
197,Sec 3,15,Female,0.25,NA,41.76,29,Fashionable,NA
198,Sec 3,15,Female,0.25,12,38,31,Fashionable,3
199,Sec 3,15,Female,0.25,6,47,23,Fashionable,1
200,Sec 3,15,Female,0.5,NA,49,45,Fashionable,NA
201,Sec 3,15,Female,1,9,43,28,Fashionable,2
202,Sec 3,15,Female,0.25,NA,36,19,Fashionable,NA
203,Sec 3,15,Female,2,12,38,26,Fashionable,3
204,Sec 3,14,Female,0.5,14,50,37.06,Fashionable,3
205,Sec 3,15,Female,2,12,58,38,Fashionable,3
206,Sec 3,15,Female,0.25,NA,49,37,Fashionable,NA
207,Sec 3,15,Female,0.021,NA,43,42,Fashionable,NA
208,Sec 3,15,Female,0.25,8,35,23,Fashionable,2
209,Sec 3,16,Female,0.25,18,50,40,Fashionable,4
211,Sec 3,15,Male,0.25,11,45,41,Fashionable,2
212,Sec 3,15,Male,0.25,NA,39,39.06,Fashionable,NA
213,Sec 3,15,Female,0,10,48.6,28,Fashionable,1
214,Sec 3,15,Male,3.5,20,56,47,Fashionable,5
215,Sec 3,15,Male,1,12,49,46,Fashionable,3
216,Sec 3,16,Male,0.5,NA,33,25,Fashionable,NA
217,Sec 3,15,Female,1,12,47,30,Fashionable,3
218,Sec 3,15,Female,0,NA,43,31,Fashionable,NA
219,Sec 3,15,Female,1,13,37,41,Fashionable,3
220,Sec 3,15,Female,0.042,14,48,34,Fashionable,3
221,Sec 3,15,Female,0,12,46,26,Fashionable,3
222,Sec 3,14,Male,4,19,45,35,Fashionable,5
223,Sec 3,15,Male,0.021,NA,38,32,Fashionable,NA
224,Sec 3,15,Male,0,NA,43,37,Fashionable,NA
225,Sec 3,15,Female,1.75,8,50,36,Fashionable,1
226,Sec 3,15,Female,1,12,52,30,Fashionable,3
227,Sec 3,15,Female,1,12,42,31,Fashionable,3
234,Sec 2,14,Male,0.25,NA,53,35,Fashionable,NA
235,Sec 2,14,Male,1,NA,43,39,Fashionable,NA
236,Sec 2,14,Male,NA,16,43,38,Fashionable,4
237,Sec 2,14,Male,NA,12,45,44,Fashionable,3
238,Sec 2,14,Male,0.25,12,39,24.52,Fashionable,3
239,Sec 2,14,Male,1,NA,31,25,Fashionable,NA
241,Sec 2,14,Female,0.25,NA,41,33,Fashionable,NA
242,Sec 2,14,Female,1,12,44,36,Fashionable,3
243,Sec 2,14,Female,0.5,4,49,36,Fashionable,1
244,Sec 2,14,Male,0.25,NA,36,29,Fashionable,NA
245,Sec 2,14,Male,0.021,8,37,37,Fashionable,2
246,Sec 2,14,Male,7,20,50,52,Fashionable,5
247,Sec 2,14,Female,7,12,40,33,Fashionable,3
248,Sec 2,14,Male,1,14,49,31,Fashionable,4
249,Sec 2,14,Male,0.25,12,50,39,Fashionable,3
250,Sec 2,14,Female,4,9,42,27,Fashionable,3
251,Sec 2,14,Female,3,10,49,35,Fashionable,3
252,Sec 2,13,Female,0,12,49,33,Fashionable,3
253,Sec 2,14,Female,7,8,57,29,Fashionable,2
255,Sec 2,14,Female,7,12,48,38,Fashionable,3
256,Sec 2,14,Female,0.25,10,41,34,Fashionable,2
257,Sec 2,14,Female,1,NA,37,36,Fashionable,NA
258,Sec 2,14,Female,NA,16,54,41,Fashionable,4
264,Sec 3,16,Male,0,4,45,38,Fashionable,1
272,Sec 3,15,Female,7,14,47.08,32,Fashionable,3
273,Sec 3,15,Male,1.14,12,33,21,Fashionable,3
274,Sec 3,15,Male,3,4,40,37,Fashionable,1
275,Sec 3,15,Female,1,12,42,36,Fashionable,3
276,Sec 3,15,Female,1,NA,46,34,Fashionable,NA
277,Sec 3,15,Male,0,12,45,45,Fashionable,3
279,Sec 3,15,Female,0,NA,32,36,Fashionable,NA
280,Sec 3,15,Female,0.125,12,41,19,Fashionable,3
281,Sec 3,16,Female,2.33,16,40,31,Fashionable,4
282,Sec 3,16,Female,0.083,11,43,35,Fashionable,2
283,Sec 3,17,Female,0.5,9,43,23,Fashionable,2
284,Sec 3,18,Male,0.019,9,54,31.06,Fashionable,2
285,Sec 3,15,Female,0,NA,43,39,Fashionable,NA
286,Sec 3,15,Male,0.25,NA,40,30,Fashionable,NA
287,Sec 3,16,Female,1,19,47,38,Fashionable,5
288,Sec 3,16,Female,0.5,11,39,30,Fashionable,2
289,Sec 3,15,Female,3,NA,34,28,Fashionable,NA
290,Sec 3,15,Female,0.75,12,51,39,Fashionable,3
291,Sec 3,15,Female,0,4,39,34,Fashionable,1
292,Sec 3,15,Female,0,NA,33,28,Fashionable,NA
293,Sec 3,15,Female,2,12,47,38,Fashionable,3
294,Sec 3,15,Female,1,13,41,40,Fashionable,4
295,Sec 3,15,Female,1,9,46,27,Fashionable,2
296,Sec 3,16,Male,NA,NA,35,28,Fashionable,NA
314,Sec 2,14,Female,0.5,10,43,33,Fashionable,2
316,Sec 2,13,Female,1,NA,35,28.06,Fashionable,NA
318,Sec 2,15,Female,0,12,48,39.47,Fashionable,3
319,Sec 2,14,Female,0.5,8,46,31,Fashionable,2
320,Sec 2,14,Female,7,12,39,24,Fashionable,3
321,Sec 2,14,Female,NA,15,55,49,Fashionable,3
322,Sec 2,14,Female,1.25,15,52,30,Fashionable,5
324,Sec 2,14,Female,14,16,49,34,Fashionable,4
325,Sec 2,14,Female,0.25,4,41,32,Fashionable,1
326,Sec 2,14,Male,0,NA,54,30,Fashionable,NA
327,Sec 2,14,Male,0.25,12,38,44,Fashionable,3
328,Sec 2,14,Female,7,10,53,35,Fashionable,2
329,Sec 2,14,Male,1,12,42,24,Fashionable,3
330,Sec 2,14,Female,NA,9,41,32,Fashionable,2
331,Sec 2,14,Male,0.019,20,51,45,Fashionable,5
332,Sec 2,14,Female,0.25,NA,50,24,Fashionable,NA
338,Sec 1,13,Female,0.25,8,44,14,Fashionable,2
339,Sec 1,13,Female,0.019,NA,43,17,Fashionable,NA
340,Sec 1,13,Male,1,11,43,36,Fashionable,2
341,Sec 1,13,Male,1,12,42,41,Fashionable,3
342,Sec 1,13,Male,0,NA,36,20,Fashionable,NA
343,Sec 1,12,Female,0,14,44,31,Fashionable,4
344,Sec 1,12,Female,0,NA,41,29,Fashionable,NA
345,Sec 1,13,Female,0,8,45,26,Fashionable,2
347,Sec 1,12,Female,0.5,12,53,47,Fashionable,3
348,Sec 1,13,Female,7,NA,42,33,Fashionable,NA
349,Sec 1,13,Female,0.25,12,44,29,Fashionable,3
350,Sec 1,13,Female,2,12,35,22,Fashionable,3
351,Sec 1,13,Male,0.25,NA,32,25,Fashionable,NA
352,Sec 1,13,Male,0.25,NA,45,16,Fashionable,NA
353,Sec 1,15,Male,2,NA,40.08,37,Fashionable,NA
355,Sec 1,15,Female,NA,8,38,25,Fashionable,2
356,Sec 1,13,Female,NA,8,36,23,Fashionable,2
357,Sec 1,13,Female,1,10,39,22,Fashionable,3
361,Sec 1,13,Male,2,17,51,51,Fashionable,5
362,Sec 1,13,Male,0.25,NA,44,40,Fashionable,NA
367,Sec 2,16,Female,0,16,37,30,Fashionable,4
368,Sec 2,14,Male,7,NA,36,36,Fashionable,NA
369,Sec 2,13,Female,0.25,NA,38,29,Fashionable,NA
371,Sec 2,13,Female,0.5,NA,50,33.99,Fashionable,NA
372,Sec 2,14,Female,0.25,10,47,26,Fashionable,2
373,Sec 2,13,Male,0.33,8,42,34,Fashionable,2
375,Sec 2,14,Male,0.019,17,48,41.39,Fashionable,4
376,Sec 2,14,Male,0.25,13,42,42,Fashionable,3
377,Sec 2,14,Male,NA,12,39,33,Fashionable,2
378,Sec 2,14,Male,0,12,37,36,Fashionable,3
379,Sec 2,14,Male,1,20,47,37,Fashionable,5
380,Sec 2,14,Male,NA,14,46,30,Fashionable,4
381,Sec 2,14,Female,2,12,44,36,Fashionable,3
383,Sec 2,14,Female,0.5,12,37,36,Fashionable,3
385,Sec 2,16,Male,1,16,45,38,Fashionable,4
388,Sec 2,15,Female,3.5,16,44,42,Fashionable,4
2,Sec 1,13,Male,1,8,40,31,Glamour,2
3,Sec 1,13,Male,1,8,39,37,Glamour,2
4,Sec 1,13,Male,0.06,NA,38,16,Glamour,NA
5,Sec 1,13,Male,0,NA,26,26,Glamour,NA
6,Sec 1,13,Male,1,12,51,44.47,Glamour,3
7,Sec 1,13,Male,0.25,10,44,30,Glamour,3
8,Sec 1,13,Female,NA,14,38,28,Glamour,4
9,Sec 1,13,Female,NA,NA,46,23,Glamour,NA
10,Sec 1,13,Male,0.02,NA,38,15,Glamour,NA
11,Sec 1,13,Male,7,NA,58,55,Glamour,NA
12,Sec 1,13,Female,0,NA,39,21,Glamour,NA
14,Sec 1,13,Male,1,NA,46,41,Glamour,NA
15,Sec 1,13,Male,3.5,20,48,42,Glamour,5
16,Sec 1,13,Female,NA,12,36.76,23.47,Glamour,3
17,Sec 1,13,Female,0.5,7,30,28,Glamour,2
18,Sec 1,13,Female,1,NA,26,29,Glamour,NA
19,Sec 1,13,Female,0.25,NA,42,15,Glamour,NA
20,Sec 1,13,Female,1,12,49,44,Glamour,3
22,Sec 1,13,Male,0.25,NA,41,27,Glamour,NA
24,Sec 1,13,Male,7,NA,29,30,Glamour,NA
25,Sec 1,13,Female,1,15,57,40,Glamour,4
26,Sec 1,13,Female,3.5,12,39,32.46,Glamour,3
27,Sec 1,13,Male,0,8,35,24,Glamour,1
28,Sec 1,13,Male,7,13,40,38,Glamour,4
29,Sec 1,13,Male,0,12,32,19,Glamour,3
30,Sec 1,13,Male,1,NA,48.76,32,Glamour,NA
31,Sec 1,13,Male,7,12,36,22,Glamour,3
32,Sec 1,13,Male,0,12,47,48,Glamour,3
34,Sec 1,13,Male,0,NA,31,24,Glamour,NA
36,Sec 1,13,Female,0.25,NA,49,36,Glamour,NA
37,Sec 1,13,Male,1,4,40,22,Glamour,1
38,Sec 1,13,Female,1,9,35,26,Glamour,2
39,Sec 1,13,Female,7,12,60,33,Glamour,3
41,Sec 1,13,Female,NA,12,38,26,Glamour,3
42,Sec 1,13,Female,NA,13,37,22,Glamour,3
43,Sec 1,13,Female,7,12,50,31,Glamour,3
44,Sec 1,13,Female,7,17,43,50,Glamour,4
45,Sec 1,13,Male,1,NA,37,39,Glamour,NA
46,Sec 1,13,Female,7,13,46,37,Glamour,3
48,Sec 1,13,Male,0.5,NA,47,24,Glamour,NA
56,Sec 2,14,Male,0.25,NA,37,38,Glamour,NA
57,Sec 2,14,Female,2.33,NA,43,26,Glamour,NA
58,Sec 2,14,NA,0,NA,42,29,Glamour,NA
61,Sec 2,14,Male,7,NA,40,42,Glamour,NA
62,Sec 2,14,Female,0.5,9,51,30,Glamour,2
63,Sec 2,14,Female,0.5,14,43,33,Glamour,3
64,Sec 2,14,Female,1,NA,45,42.52,Glamour,NA
65,Sec 2,14,Female,1,13,50,38,Glamour,4
67,Sec 2,14,Female,7,NA,40,36,Glamour,NA
68,Sec 2,14,Female,NA,15,48,30,Glamour,4
70,Sec 2,14,Female,0.5,9,50,45,Glamour,2
71,Sec 2,14,Male,0,NA,42,33,Glamour,NA
72,Sec 2,14,Female,3.5,4,47,23,Glamour,1
74,Sec 2,14,Female,0.75,11,51,30,Glamour,3
75,Sec 2,14,Female,0.08,12,49,39,Glamour,3
76,Sec 2,14,Female,3,5,37,21,Glamour,1
77,Sec 2,14,Male,1,NA,38,20,Glamour,NA
78,Sec 2,14,Male,0,NA,49,33,Glamour,NA
79,Sec 2,14,Female,7,13,48,31,Glamour,3
80,Sec 2,14,Male,0.75,11,49,41,Glamour,3
81,Sec 2,14,Male,2,NA,37,33,Glamour,NA
82,Sec 2,14,Male,0,7,46,38,Glamour,1
83,Sec 2,14,Male,0,NA,44,23,Glamour,NA
84,Sec 2,14,Female,0.25,NA,38,17,Glamour,NA
89,Sec 3,15,Female,0.25,NA,45,35,Glamour,NA
90,Sec 3,15,Female,2,10,52,35,Glamour,2
91,Sec 3,15,Male,7,8,39,26,Glamour,2
93,Sec 3,15,Female,3.5,16,44.16,35,Glamour,3
95,Sec 3,15,Male,0.25,13,51,48,Glamour,3
96,Sec 3,15,Female,0.5,8,38,23,Glamour,1
97,Sec 3,15,Male,0.25,16,54,41,Glamour,4
98,Sec 3,15,Female,NA,12,47.87,36,Glamour,3
99,Sec 3,15,Female,0.5,12,50,29,Glamour,3
100,Sec 3,15,Female,2,10,47,34,Glamour,2
101,Sec 3,15,Female,7,14,57,50,Glamour,3
102,Sec 3,15,Male,1,13,42,36,Glamour,3
103,Sec 3,15,Female,1,12,43,27,Glamour,3
105,Sec 3,15,Female,0.5,12,44,31,Glamour,3
106,Sec 3,15,Female,0.75,14,48,35,Glamour,4
107,Sec 3,15,Female,0.25,9,45,25,Glamour,2
108,Sec 3,15,Female,1,12,45,23,Glamour,3
109,Sec 3,15,Female,0,6,44,32,Glamour,1
110,Sec 3,15,Male,1,13,45,32,Glamour,3
111,Sec 3,15,Female,1.25,12,47,32,Glamour,3
112,Sec 3,15,Female,1,11,44,25,Glamour,2
113,Sec 3,15,Male,1,11,38,36,Glamour,3
114,Sec 3,15,Female,3.5,12,44,37,Glamour,3
115,Sec 3,15,Female,0.5,12,40,33,Glamour,3
116,Sec 3,15,Female,1,8,41,19,Glamour,2
117,Sec 3,15,Female,1,5,38,25,Glamour,1
118,Sec 3,15,Female,0.5,6,35,36,Glamour,2
119,Sec 3,15,Female,0.5,12,42,33,Glamour,3
120,Sec 3,15,Male,0.5,12,44,29,Glamour,3
139,Sec 1,12,Male,0.5,4,40,31,Glamour,1
140,Sec 1,13,Male,NA,NA,53,37,Glamour,NA
141,Sec 1,12,Female,3,NA,42,45,Glamour,NA
142,Sec 1,14,Male,0,NA,33,30,Glamour,NA
143,Sec 1,13,Female,2,12,43,34,Glamour,3
144,Sec 1,13,Female,0.083,18,47,34,Glamour,4
145,Sec 1,13,Female,0.5,4,41,26,Glamour,1
146,Sec 1,13,Female,0.5,7,43,20,Glamour,1
147,Sec 1,13,Male,1,12,39,36.41,Glamour,3
148,Sec 1,13,Male,7,20,45,28.46,Glamour,5
149,Sec 1,13,Female,7,15,52,45,Glamour,3
150,Sec 1,13,Female,1.75,10,52,28,Glamour,2
151,Sec 1,NA,Male,2,NA,45,53,Glamour,NA
152,Sec 1,12,Female,2,10,46,29,Glamour,3
153,Sec 1,13,Female,7,NA,44,44,Glamour,NA
154,Sec 1,14,Male,1,12,39,36,Glamour,3
156,Sec 1,13,Female,7,9,40,42,Glamour,2
157,Sec 1,13,Male,0.5,7,46,27.44,Glamour,2
158,Sec 1,13,Male,7,7,33,23,Glamour,1
159,Sec 1,13,Male,NA,NA,41,34,Glamour,NA
160,Sec 1,NA,Female,0.5,6,48,40.52,Glamour,1
161,Sec 1,14,Male,NA,NA,38,28,Glamour,NA
164,Sec 3,17,Male,1,13,41,41,Glamour,3
165,Sec 3,15,Female,0.25,4,38,17,Glamour,1
166,Sec 3,15,Female,0,NA,42,17,Glamour,NA
167,Sec 3,15,Female,7,11,47,39,Glamour,2
168,Sec 3,15,Female,7,12,35,24,Glamour,3
170,Sec 3,15,Male,0,15,48,50,Glamour,3
171,Sec 3,15,Male,NA,NA,46,36,Glamour,NA
172,Sec 3,15,Male,2,12,36,35,Glamour,3
173,Sec 3,15,Female,4,5,34,21,Glamour,1
174,Sec 3,18,Male,0,9,34,28,Glamour,2
175,Sec 3,15,Female,7,12,35,22,Glamour,3
176,Sec 3,14,Female,0.25,12,47,35,Glamour,3
177,Sec 3,15,Female,0.25,NA,36,18,Glamour,NA
178,Sec 3,15,Male,0.042,16,46,29,Glamour,4
179,Sec 3,15,Male,0.25,NA,41,29,Glamour,NA
181,Sec 3,15,Female,14,16,53,42,Glamour,4
182,Sec 3,14,Female,0,11,44,27,Glamour,3
183,Sec 3,15,Female,0,12,46,27,Glamour,3
184,Sec 3,16,Female,0.042,17,42,36,Glamour,5
185,Sec 3,15,Male,0,NA,28,34,Glamour,NA
186,Sec 3,15,Female,0.5,11,41,40,Glamour,2
187,Sec 3,14,Female,0.5,8,40,25,Glamour,2
188,Sec 3,15,Male,1,12,45,42,Glamour,3
189,Sec 3,15,Male,0,NA,39,31,Glamour,NA
191,Sec 3,15,Female,0.25,10,36,25,Glamour,3
192,Sec 3,15,Male,0.25,12,43,33,Glamour,3
193,Sec 3,15,Male,0,20,41,36,Glamour,5
194,Sec 3,15,Male,0.021,20,51,45,Glamour,5
195,Sec 3,15,Female,7,NA,46,45,Glamour,NA
196,Sec 3,15,Female,0.25,NA,37,23,Glamour,NA
197,Sec 3,15,Female,0.25,NA,41.76,29,Glamour,NA
198,Sec 3,15,Female,0.25,12,38,31,Glamour,3
199,Sec 3,15,Female,0.25,6,47,23,Glamour,1
200,Sec 3,15,Female,0.5,NA,49,45,Glamour,NA
201,Sec 3,15,Female,1,9,43,28,Glamour,2
202,Sec 3,15,Female,0.25,NA,36,19,Glamour,NA
203,Sec 3,15,Female,2,12,38,26,Glamour,3
204,Sec 3,14,Female,0.5,14,50,37.06,Glamour,4
205,Sec 3,15,Female,2,12,58,38,Glamour,3
206,Sec 3,15,Female,0.25,NA,49,37,Glamour,NA
207,Sec 3,15,Female,0.021,NA,43,42,Glamour,NA
208,Sec 3,15,Female,0.25,8,35,23,Glamour,2
209,Sec 3,16,Female,0.25,18,50,40,Glamour,4
211,Sec 3,15,Male,0.25,11,45,41,Glamour,3
212,Sec 3,15,Male,0.25,NA,39,39.06,Glamour,NA
213,Sec 3,15,Female,0,10,48.6,28,Glamour,3
214,Sec 3,15,Male,3.5,20,56,47,Glamour,5
215,Sec 3,15,Male,1,12,49,46,Glamour,3
216,Sec 3,16,Male,0.5,NA,33,25,Glamour,NA
217,Sec 3,15,Female,1,12,47,30,Glamour,3
218,Sec 3,15,Female,0,NA,43,31,Glamour,NA
219,Sec 3,15,Female,1,13,37,41,Glamour,3
220,Sec 3,15,Female,0.042,14,48,34,Glamour,2
221,Sec 3,15,Female,0,12,46,26,Glamour,3
222,Sec 3,14,Male,4,19,45,35,Glamour,5
223,Sec 3,15,Male,0.021,NA,38,32,Glamour,NA
224,Sec 3,15,Male,0,NA,43,37,Glamour,NA
225,Sec 3,15,Female,1.75,8,50,36,Glamour,1
226,Sec 3,15,Female,1,12,52,30,Glamour,3
227,Sec 3,15,Female,1,12,42,31,Glamour,3
234,Sec 2,14,Male,0.25,NA,53,35,Glamour,NA
235,Sec 2,14,Male,1,NA,43,39,Glamour,NA
236,Sec 2,14,Male,NA,16,43,38,Glamour,4
237,Sec 2,14,Male,NA,12,45,44,Glamour,3
238,Sec 2,14,Male,0.25,12,39,24.52,Glamour,3
239,Sec 2,14,Male,1,NA,31,25,Glamour,NA
241,Sec 2,14,Female,0.25,NA,41,33,Glamour,NA
242,Sec 2,14,Female,1,12,44,36,Glamour,3
243,Sec 2,14,Female,0.5,4,49,36,Glamour,1
244,Sec 2,14,Male,0.25,NA,36,29,Glamour,NA
245,Sec 2,14,Male,0.021,8,37,37,Glamour,2
246,Sec 2,14,Male,7,20,50,52,Glamour,5
247,Sec 2,14,Female,7,12,40,33,Glamour,3
248,Sec 2,14,Male,1,14,49,31,Glamour,3
249,Sec 2,14,Male,0.25,12,50,39,Glamour,3
250,Sec 2,14,Female,4,9,42,27,Glamour,2
251,Sec 2,14,Female,3,10,49,35,Glamour,3
252,Sec 2,13,Female,0,12,49,33,Glamour,3
253,Sec 2,14,Female,7,8,57,29,Glamour,2
255,Sec 2,14,Female,7,12,48,38,Glamour,3
256,Sec 2,14,Female,0.25,10,41,34,Glamour,2
257,Sec 2,14,Female,1,NA,37,36,Glamour,NA
258,Sec 2,14,Female,NA,16,54,41,Glamour,4
264,Sec 3,16,Male,0,4,45,38,Glamour,1
272,Sec 3,15,Female,7,14,47.08,32,Glamour,3
273,Sec 3,15,Male,1.14,12,33,21,Glamour,3
274,Sec 3,15,Male,3,4,40,37,Glamour,1
275,Sec 3,15,Female,1,12,42,36,Glamour,3
276,Sec 3,15,Female,1,NA,46,34,Glamour,NA
277,Sec 3,15,Male,0,12,45,45,Glamour,3
279,Sec 3,15,Female,0,NA,32,36,Glamour,NA
280,Sec 3,15,Female,0.125,12,41,19,Glamour,3
281,Sec 3,16,Female,2.33,16,40,31,Glamour,4
282,Sec 3,16,Female,0.083,11,43,35,Glamour,2
283,Sec 3,17,Female,0.5,9,43,23,Glamour,2
284,Sec 3,18,Male,0.019,9,54,31.06,Glamour,2
285,Sec 3,15,Female,0,NA,43,39,Glamour,NA
286,Sec 3,15,Male,0.25,NA,40,30,Glamour,NA
287,Sec 3,16,Female,1,19,47,38,Glamour,4
288,Sec 3,16,Female,0.5,11,39,30,Glamour,2
289,Sec 3,15,Female,3,NA,34,28,Glamour,NA
290,Sec 3,15,Female,0.75,12,51,39,Glamour,3
291,Sec 3,15,Female,0,4,39,34,Glamour,1
292,Sec 3,15,Female,0,NA,33,28,Glamour,NA
293,Sec 3,15,Female,2,12,47,38,Glamour,3
294,Sec 3,15,Female,1,13,41,40,Glamour,3
295,Sec 3,15,Female,1,9,46,27,Glamour,2
296,Sec 3,16,Male,NA,NA,35,28,Glamour,NA
314,Sec 2,14,Female,0.5,10,43,33,Glamour,3
316,Sec 2,13,Female,1,NA,35,28.06,Glamour,NA
318,Sec 2,15,Female,0,12,48,39.47,Glamour,3
319,Sec 2,14,Female,0.5,8,46,31,Glamour,2
320,Sec 2,14,Female,7,12,39,24,Glamour,3
321,Sec 2,14,Female,NA,15,55,49,Glamour,3
322,Sec 2,14,Female,1.25,15,52,30,Glamour,3
324,Sec 2,14,Female,14,16,49,34,Glamour,4
325,Sec 2,14,Female,0.25,4,41,32,Glamour,1
326,Sec 2,14,Male,0,NA,54,30,Glamour,NA
327,Sec 2,14,Male,0.25,12,38,44,Glamour,3
328,Sec 2,14,Female,7,10,53,35,Glamour,2
329,Sec 2,14,Male,1,12,42,24,Glamour,3
330,Sec 2,14,Female,NA,9,41,32,Glamour,2
331,Sec 2,14,Male,0.019,20,51,45,Glamour,5
332,Sec 2,14,Female,0.25,NA,50,24,Glamour,NA
338,Sec 1,13,Female,0.25,8,44,14,Glamour,2
339,Sec 1,13,Female,0.019,NA,43,17,Glamour,NA
340,Sec 1,13,Male,1,11,43,36,Glamour,2
341,Sec 1,13,Male,1,12,42,41,Glamour,3
342,Sec 1,13,Male,0,NA,36,20,Glamour,NA
343,Sec 1,12,Female,0,14,44,31,Glamour,3
344,Sec 1,12,Female,0,NA,41,29,Glamour,NA
345,Sec 1,13,Female,0,8,45,26,Glamour,2
347,Sec 1,12,Female,0.5,12,53,47,Glamour,3
348,Sec 1,13,Female,7,NA,42,33,Glamour,NA
349,Sec 1,13,Female,0.25,12,44,29,Glamour,3
350,Sec 1,13,Female,2,12,35,22,Glamour,3
351,Sec 1,13,Male,0.25,NA,32,25,Glamour,NA
352,Sec 1,13,Male,0.25,NA,45,16,Glamour,NA
353,Sec 1,15,Male,2,NA,40.08,37,Glamour,NA
355,Sec 1,15,Female,NA,8,38,25,Glamour,2
356,Sec 1,13,Female,NA,8,36,23,Glamour,2
357,Sec 1,13,Female,1,10,39,22,Glamour,2
361,Sec 1,13,Male,2,17,51,51,Glamour,3
362,Sec 1,13,Male,0.25,NA,44,40,Glamour,NA
367,Sec 2,16,Female,0,16,37,30,Glamour,4
368,Sec 2,14,Male,7,NA,36,36,Glamour,NA
369,Sec 2,13,Female,0.25,NA,38,29,Glamour,NA
371,Sec 2,13,Female,0.5,NA,50,33.99,Glamour,NA
372,Sec 2,14,Female,0.25,10,47,26,Glamour,3
373,Sec 2,13,Male,0.33,8,42,34,Glamour,2
375,Sec 2,14,Male,0.019,17,48,41.39,Glamour,4
376,Sec 2,14,Male,0.25,13,42,42,Glamour,3
377,Sec 2,14,Male,NA,12,39,33,Glamour,3
378,Sec 2,14,Male,0,12,37,36,Glamour,3
379,Sec 2,14,Male,1,20,47,37,Glamour,5
380,Sec 2,14,Male,NA,14,46,30,Glamour,3
381,Sec 2,14,Female,2,12,44,36,Glamour,3
383,Sec 2,14,Female,0.5,12,37,36,Glamour,3
385,Sec 2,16,Male,1,16,45,38,Glamour,4
388,Sec 2,15,Female,3.5,16,44,42,Glamour,4
2,Sec 1,13,Male,1,8,40,31,Cool,2
3,Sec 1,13,Male,1,8,39,37,Cool,2
4,Sec 1,13,Male,0.06,NA,38,16,Cool,NA
5,Sec 1,13,Male,0,NA,26,26,Cool,NA
6,Sec 1,13,Male,1,12,51,44.47,Cool,3
7,Sec 1,13,Male,0.25,10,44,30,Cool,3
8,Sec 1,13,Female,NA,14,38,28,Cool,3
9,Sec 1,13,Female,NA,NA,46,23,Cool,NA
10,Sec 1,13,Male,0.02,NA,38,15,Cool,NA
11,Sec 1,13,Male,7,NA,58,55,Cool,NA
12,Sec 1,13,Female,0,NA,39,21,Cool,NA
14,Sec 1,13,Male,1,NA,46,41,Cool,NA
15,Sec 1,13,Male,3.5,20,48,42,Cool,5
16,Sec 1,13,Female,NA,12,36.76,23.47,Cool,3
17,Sec 1,13,Female,0.5,7,30,28,Cool,2
18,Sec 1,13,Female,1,NA,26,29,Cool,NA
19,Sec 1,13,Female,0.25,NA,42,15,Cool,NA
20,Sec 1,13,Female,1,12,49,44,Cool,3
22,Sec 1,13,Male,0.25,NA,41,27,Cool,NA
24,Sec 1,13,Male,7,NA,29,30,Cool,NA
25,Sec 1,13,Female,1,15,57,40,Cool,2
26,Sec 1,13,Female,3.5,12,39,32.46,Cool,3
27,Sec 1,13,Male,0,8,35,24,Cool,5
28,Sec 1,13,Male,7,13,40,38,Cool,3
29,Sec 1,13,Male,0,12,32,19,Cool,3
30,Sec 1,13,Male,1,NA,48.76,32,Cool,NA
31,Sec 1,13,Male,7,12,36,22,Cool,3
32,Sec 1,13,Male,0,12,47,48,Cool,3
34,Sec 1,13,Male,0,NA,31,24,Cool,NA
36,Sec 1,13,Female,0.25,NA,49,36,Cool,NA
37,Sec 1,13,Male,1,4,40,22,Cool,1
38,Sec 1,13,Female,1,9,35,26,Cool,2
39,Sec 1,13,Female,7,12,60,33,Cool,3
41,Sec 1,13,Female,NA,12,38,26,Cool,3
42,Sec 1,13,Female,NA,13,37,22,Cool,5
43,Sec 1,13,Female,7,12,50,31,Cool,3
44,Sec 1,13,Female,7,17,43,50,Cool,4
45,Sec 1,13,Male,1,NA,37,39,Cool,NA
46,Sec 1,13,Female,7,13,46,37,Cool,3
48,Sec 1,13,Male,0.5,NA,47,24,Cool,NA
56,Sec 2,14,Male,0.25,NA,37,38,Cool,NA
57,Sec 2,14,Female,2.33,NA,43,26,Cool,NA
58,Sec 2,14,NA,0,NA,42,29,Cool,NA
61,Sec 2,14,Male,7,NA,40,42,Cool,NA
62,Sec 2,14,Female,0.5,9,51,30,Cool,2
63,Sec 2,14,Female,0.5,14,43,33,Cool,5
64,Sec 2,14,Female,1,NA,45,42.52,Cool,NA
65,Sec 2,14,Female,1,13,50,38,Cool,3
67,Sec 2,14,Female,7,NA,40,36,Cool,NA
68,Sec 2,14,Female,NA,15,48,30,Cool,4
70,Sec 2,14,Female,0.5,9,50,45,Cool,3
71,Sec 2,14,Male,0,NA,42,33,Cool,NA
72,Sec 2,14,Female,3.5,4,47,23,Cool,1
74,Sec 2,14,Female,0.75,11,51,30,Cool,2
75,Sec 2,14,Female,0.08,12,49,39,Cool,3
76,Sec 2,14,Female,3,5,37,21,Cool,1
77,Sec 2,14,Male,1,NA,38,20,Cool,NA
78,Sec 2,14,Male,0,NA,49,33,Cool,NA
79,Sec 2,14,Female,7,13,48,31,Cool,4
80,Sec 2,14,Male,0.75,11,49,41,Cool,2
81,Sec 2,14,Male,2,NA,37,33,Cool,NA
82,Sec 2,14,Male,0,7,46,38,Cool,2
83,Sec 2,14,Male,0,NA,44,23,Cool,NA
84,Sec 2,14,Female,0.25,NA,38,17,Cool,NA
89,Sec 3,15,Female,0.25,NA,45,35,Cool,NA
90,Sec 3,15,Female,2,10,52,35,Cool,3
91,Sec 3,15,Male,7,8,39,26,Cool,2
93,Sec 3,15,Female,3.5,16,44.16,35,Cool,5
95,Sec 3,15,Male,0.25,13,51,48,Cool,4
96,Sec 3,15,Female,0.5,8,38,23,Cool,3
97,Sec 3,15,Male,0.25,16,54,41,Cool,4
98,Sec 3,15,Female,NA,12,47.87,36,Cool,3
99,Sec 3,15,Female,0.5,12,50,29,Cool,3
100,Sec 3,15,Female,2,10,47,34,Cool,3
101,Sec 3,15,Female,7,14,57,50,Cool,4
102,Sec 3,15,Male,1,13,42,36,Cool,4
103,Sec 3,15,Female,1,12,43,27,Cool,3
105,Sec 3,15,Female,0.5,12,44,31,Cool,3
106,Sec 3,15,Female,0.75,14,48,35,Cool,3
107,Sec 3,15,Female,0.25,9,45,25,Cool,2
108,Sec 3,15,Female,1,12,45,23,Cool,3
109,Sec 3,15,Female,0,6,44,32,Cool,3
110,Sec 3,15,Male,1,13,45,32,Cool,4
111,Sec 3,15,Female,1.25,12,47,32,Cool,3
112,Sec 3,15,Female,1,11,44,25,Cool,3
113,Sec 3,15,Male,1,11,38,36,Cool,2
114,Sec 3,15,Female,3.5,12,44,37,Cool,3
115,Sec 3,15,Female,0.5,12,40,33,Cool,3
116,Sec 3,15,Female,1,8,41,19,Cool,2
117,Sec 3,15,Female,1,5,38,25,Cool,1
118,Sec 3,15,Female,0.5,6,35,36,Cool,1
119,Sec 3,15,Female,0.5,12,42,33,Cool,3
120,Sec 3,15,Male,0.5,12,44,29,Cool,3
139,Sec 1,12,Male,0.5,4,40,31,Cool,1
140,Sec 1,13,Male,NA,NA,53,37,Cool,NA
141,Sec 1,12,Female,3,NA,42,45,Cool,NA
142,Sec 1,14,Male,0,NA,33,30,Cool,NA
143,Sec 1,13,Female,2,12,43,34,Cool,3
144,Sec 1,13,Female,0.083,18,47,34,Cool,4
145,Sec 1,13,Female,0.5,4,41,26,Cool,1
146,Sec 1,13,Female,0.5,7,43,20,Cool,3
147,Sec 1,13,Male,1,12,39,36.41,Cool,4
148,Sec 1,13,Male,7,20,45,28.46,Cool,5
149,Sec 1,13,Female,7,15,52,45,Cool,5
150,Sec 1,13,Female,1.75,10,52,28,Cool,3
151,Sec 1,NA,Male,2,NA,45,53,Cool,NA
152,Sec 1,12,Female,2,10,46,29,Cool,2
153,Sec 1,13,Female,7,NA,44,44,Cool,NA
154,Sec 1,14,Male,1,12,39,36,Cool,3
156,Sec 1,13,Female,7,9,40,42,Cool,3
157,Sec 1,13,Male,0.5,7,46,27.44,Cool,1
158,Sec 1,13,Male,7,7,33,23,Cool,2
159,Sec 1,13,Male,NA,NA,41,34,Cool,NA
160,Sec 1,NA,Female,0.5,6,48,40.52,Cool,2
161,Sec 1,14,Male,NA,NA,38,28,Cool,NA
164,Sec 3,17,Male,1,13,41,41,Cool,3
165,Sec 3,15,Female,0.25,4,38,17,Cool,1
166,Sec 3,15,Female,0,NA,42,17,Cool,NA
167,Sec 3,15,Female,7,11,47,39,Cool,3
168,Sec 3,15,Female,7,12,35,24,Cool,3
170,Sec 3,15,Male,0,15,48,50,Cool,5
171,Sec 3,15,Male,NA,NA,46,36,Cool,NA
172,Sec 3,15,Male,2,12,36,35,Cool,3
173,Sec 3,15,Female,4,5,34,21,Cool,1
174,Sec 3,18,Male,0,9,34,28,Cool,2
175,Sec 3,15,Female,7,12,35,22,Cool,3
176,Sec 3,14,Female,0.25,12,47,35,Cool,3
177,Sec 3,15,Female,0.25,NA,36,18,Cool,NA
178,Sec 3,15,Male,0.042,16,46,29,Cool,4
179,Sec 3,15,Male,0.25,NA,41,29,Cool,NA
181,Sec 3,15,Female,14,16,53,42,Cool,4
182,Sec 3,14,Female,0,11,44,27,Cool,2
183,Sec 3,15,Female,0,12,46,27,Cool,3
184,Sec 3,16,Female,0.042,17,42,36,Cool,3
185,Sec 3,15,Male,0,NA,28,34,Cool,NA
186,Sec 3,15,Female,0.5,11,41,40,Cool,3
187,Sec 3,14,Female,0.5,8,40,25,Cool,1
188,Sec 3,15,Male,1,12,45,42,Cool,3
189,Sec 3,15,Male,0,NA,39,31,Cool,NA
191,Sec 3,15,Female,0.25,10,36,25,Cool,5
192,Sec 3,15,Male,0.25,12,43,33,Cool,3
193,Sec 3,15,Male,0,20,41,36,Cool,5
194,Sec 3,15,Male,0.021,20,51,45,Cool,5
195,Sec 3,15,Female,7,NA,46,45,Cool,NA
196,Sec 3,15,Female,0.25,NA,37,23,Cool,NA
197,Sec 3,15,Female,0.25,NA,41.76,29,Cool,NA
198,Sec 3,15,Female,0.25,12,38,31,Cool,3
199,Sec 3,15,Female,0.25,6,47,23,Cool,2
200,Sec 3,15,Female,0.5,NA,49,45,Cool,NA
201,Sec 3,15,Female,1,9,43,28,Cool,2
202,Sec 3,15,Female,0.25,NA,36,19,Cool,NA
203,Sec 3,15,Female,2,12,38,26,Cool,3
204,Sec 3,14,Female,0.5,14,50,37.06,Cool,3
205,Sec 3,15,Female,2,12,58,38,Cool,3
206,Sec 3,15,Female,0.25,NA,49,37,Cool,NA
207,Sec 3,15,Female,0.021,NA,43,42,Cool,NA
208,Sec 3,15,Female,0.25,8,35,23,Cool,2
209,Sec 3,16,Female,0.25,18,50,40,Cool,5
211,Sec 3,15,Male,0.25,11,45,41,Cool,2
212,Sec 3,15,Male,0.25,NA,39,39.06,Cool,NA
213,Sec 3,15,Female,0,10,48.6,28,Cool,5
214,Sec 3,15,Male,3.5,20,56,47,Cool,5
215,Sec 3,15,Male,1,12,49,46,Cool,3
216,Sec 3,16,Male,0.5,NA,33,25,Cool,NA
217,Sec 3,15,Female,1,12,47,30,Cool,3
218,Sec 3,15,Female,0,NA,43,31,Cool,NA
219,Sec 3,15,Female,1,13,37,41,Cool,4
220,Sec 3,15,Female,0.042,14,48,34,Cool,5
221,Sec 3,15,Female,0,12,46,26,Cool,3
222,Sec 3,14,Male,4,19,45,35,Cool,4
223,Sec 3,15,Male,0.021,NA,38,32,Cool,NA
224,Sec 3,15,Male,0,NA,43,37,Cool,NA
225,Sec 3,15,Female,1.75,8,50,36,Cool,4
226,Sec 3,15,Female,1,12,52,30,Cool,3
227,Sec 3,15,Female,1,12,42,31,Cool,3
234,Sec 2,14,Male,0.25,NA,53,35,Cool,NA
235,Sec 2,14,Male,1,NA,43,39,Cool,NA
236,Sec 2,14,Male,NA,16,43,38,Cool,5
237,Sec 2,14,Male,NA,12,45,44,Cool,3
238,Sec 2,14,Male,0.25,12,39,24.52,Cool,3
239,Sec 2,14,Male,1,NA,31,25,Cool,NA
241,Sec 2,14,Female,0.25,NA,41,33,Cool,NA
242,Sec 2,14,Female,1,12,44,36,Cool,3
243,Sec 2,14,Female,0.5,4,49,36,Cool,1
244,Sec 2,14,Male,0.25,NA,36,29,Cool,NA
245,Sec 2,14,Male,0.021,8,37,37,Cool,2
246,Sec 2,14,Male,7,20,50,52,Cool,5
247,Sec 2,14,Female,7,12,40,33,Cool,3
248,Sec 2,14,Male,1,14,49,31,Cool,4
249,Sec 2,14,Male,0.25,12,50,39,Cool,3
250,Sec 2,14,Female,4,9,42,27,Cool,3
251,Sec 2,14,Female,3,10,49,35,Cool,2
252,Sec 2,13,Female,0,12,49,33,Cool,3
253,Sec 2,14,Female,7,8,57,29,Cool,2
255,Sec 2,14,Female,7,12,48,38,Cool,3
256,Sec 2,14,Female,0.25,10,41,34,Cool,3
257,Sec 2,14,Female,1,NA,37,36,Cool,NA
258,Sec 2,14,Female,NA,16,54,41,Cool,4
264,Sec 3,16,Male,0,4,45,38,Cool,1
272,Sec 3,15,Female,7,14,47.08,32,Cool,3
273,Sec 3,15,Male,1.14,12,33,21,Cool,3
274,Sec 3,15,Male,3,4,40,37,Cool,1
275,Sec 3,15,Female,1,12,42,36,Cool,3
276,Sec 3,15,Female,1,NA,46,34,Cool,NA
277,Sec 3,15,Male,0,12,45,45,Cool,3
279,Sec 3,15,Female,0,NA,32,36,Cool,NA
280,Sec 3,15,Female,0.125,12,41,19,Cool,3
281,Sec 3,16,Female,2.33,16,40,31,Cool,4
282,Sec 3,16,Female,0.083,11,43,35,Cool,5
283,Sec 3,17,Female,0.5,9,43,23,Cool,3
284,Sec 3,18,Male,0.019,9,54,31.06,Cool,2
285,Sec 3,15,Female,0,NA,43,39,Cool,NA
286,Sec 3,15,Male,0.25,NA,40,30,Cool,NA
287,Sec 3,16,Female,1,19,47,38,Cool,5
288,Sec 3,16,Female,0.5,11,39,30,Cool,5
289,Sec 3,15,Female,3,NA,34,28,Cool,NA
290,Sec 3,15,Female,0.75,12,51,39,Cool,3
291,Sec 3,15,Female,0,4,39,34,Cool,1
292,Sec 3,15,Female,0,NA,33,28,Cool,NA
293,Sec 3,15,Female,2,12,47,38,Cool,3
294,Sec 3,15,Female,1,13,41,40,Cool,3
295,Sec 3,15,Female,1,9,46,27,Cool,3
296,Sec 3,16,Male,NA,NA,35,28,Cool,NA
314,Sec 2,14,Female,0.5,10,43,33,Cool,2
316,Sec 2,13,Female,1,NA,35,28.06,Cool,NA
318,Sec 2,15,Female,0,12,48,39.47,Cool,3
319,Sec 2,14,Female,0.5,8,46,31,Cool,2
320,Sec 2,14,Female,7,12,39,24,Cool,3
321,Sec 2,14,Female,NA,15,55,49,Cool,4
322,Sec 2,14,Female,1.25,15,52,30,Cool,2
324,Sec 2,14,Female,14,16,49,34,Cool,4
325,Sec 2,14,Female,0.25,4,41,32,Cool,1
326,Sec 2,14,Male,0,NA,54,30,Cool,NA
327,Sec 2,14,Male,0.25,12,38,44,Cool,3
328,Sec 2,14,Female,7,10,53,35,Cool,4
329,Sec 2,14,Male,1,12,42,24,Cool,3
330,Sec 2,14,Female,NA,9,41,32,Cool,2
331,Sec 2,14,Male,0.019,20,51,45,Cool,5
332,Sec 2,14,Female,0.25,NA,50,24,Cool,NA
338,Sec 1,13,Female,0.25,8,44,14,Cool,2
339,Sec 1,13,Female,0.019,NA,43,17,Cool,NA
340,Sec 1,13,Male,1,11,43,36,Cool,4
341,Sec 1,13,Male,1,12,42,41,Cool,3
342,Sec 1,13,Male,0,NA,36,20,Cool,NA
343,Sec 1,12,Female,0,14,44,31,Cool,4
344,Sec 1,12,Female,0,NA,41,29,Cool,NA
345,Sec 1,13,Female,0,8,45,26,Cool,2
347,Sec 1,12,Female,0.5,12,53,47,Cool,3
348,Sec 1,13,Female,7,NA,42,33,Cool,NA
349,Sec 1,13,Female,0.25,12,44,29,Cool,3
350,Sec 1,13,Female,2,12,35,22,Cool,3
351,Sec 1,13,Male,0.25,NA,32,25,Cool,NA
352,Sec 1,13,Male,0.25,NA,45,16,Cool,NA
353,Sec 1,15,Male,2,NA,40.08,37,Cool,NA
355,Sec 1,15,Female,NA,8,38,25,Cool,2
356,Sec 1,13,Female,NA,8,36,23,Cool,2
357,Sec 1,13,Female,1,10,39,22,Cool,2
361,Sec 1,13,Male,2,17,51,51,Cool,5
362,Sec 1,13,Male,0.25,NA,44,40,Cool,NA
367,Sec 2,16,Female,0,16,37,30,Cool,3
368,Sec 2,14,Male,7,NA,36,36,Cool,NA
369,Sec 2,13,Female,0.25,NA,38,29,Cool,NA
371,Sec 2,13,Female,0.5,NA,50,33.99,Cool,NA
372,Sec 2,14,Female,0.25,10,47,26,Cool,3
373,Sec 2,13,Male,0.33,8,42,34,Cool,2
375,Sec 2,14,Male,0.019,17,48,41.39,Cool,5
376,Sec 2,14,Male,0.25,13,42,42,Cool,4
377,Sec 2,14,Male,NA,12,39,33,Cool,3
378,Sec 2,14,Male,0,12,37,36,Cool,3
379,Sec 2,14,Male,1,20,47,37,Cool,5
380,Sec 2,14,Male,NA,14,46,30,Cool,4
381,Sec 2,14,Female,2,12,44,36,Cool,3
383,Sec 2,14,Female,0.5,12,37,36,Cool,3
385,Sec 2,16,Male,1,16,45,38,Cool,5
388,Sec 2,15,Female,3.5,16,44,42,Cool,4
