id,time,sex
meku,41,Male
ycds,40,Female
ecql,40,Male
gpni,38,Male
espa,34,Male
nnyn,46,Female
vxxe,42,Male
taim,42,Male
teue,47,Male
yrhu,42,Female
syqe,45,Male
olwo,46,Male
rirv,44,Male
mnrs,54,Female
lxbw,57,Male
ulhd,51,Male
qnnt,51,Female
ptxy,50,Male
jkss,53,Male
drhk,53,Male
edua,45,Female
xgqa,46,Male
xwkk,36,Male
batd,34,Female
ocal,31,Female
hljd,50,Male
vhxg,51,Female
dtlp,54,Female
ophm,52,Female
gfqy,54,Female
yxtw,54,Male
vvjj,52,Male
tmso,35,Female
moql,32,Female
cvwp,40,Female
laho,40,Male
apqb,52,Male
guks,47,Male
vjvt,52,Female
qema,52,Female
cnhx,52,Female
onvl,51,Male
itit,51,Male
vguu,45,Male
arkk,43,Male
juff,48,Male
gpdd,32,Female
edfa,33,Female
xbkl,32,Female
aryp,33,Female
gvgb,33,Female
ptoe,34,Female
migj,33,Female
kybb,34,Female
fhpe,35,Female
rwlu,35,Female
ishn,35,Female
tsxg,34,Female
yjuv,34,Female
bxts,40,Female
