dog,dog_id,condition,test_number,latency,opened_door
Mango*,1,NA,NA,NA,NA
Mango*,1,NA,NA,NA,NA
Mango*,1,NA,NA,NA,NA
Mongo*,2,NA,NA,NA,NA
Mongo*,2,NA,NA,NA,NA
Mongo*,2,NA,NA,NA,NA
Oakley*,3,NA,NA,NA,NA
Oakley*,3,NA,NA,NA,NA
Oakley*,3,NA,NA,NA,NA
Ziggy,4,Food,1,22.79,1
Ziggy,4,Distress,2,4.21,1
Ziggy,4,Reading,3,3.71,1
Tesla,5,Distress,1,11.16,1
Tesla,5,Reading,2,2.71,1
Tesla,5,Food,3,120,0
Qyette,6,Distress,1,120,0
Qyette,6,Reading,2,120,0
Qyette,6,Food,3,120,0
Zazu*,7,NA,NA,NA,NA
Zazu*,7,NA,NA,NA,NA
Zazu*,7,NA,NA,NA,NA
Max,8,Reading,1,5.91,1
Max,8,Distress,2,4.89,1
Max,8,Food,3,14.53,1
Lucy,9,Reading,1,24.7,1
Lucy,9,Distress,2,120,0
Lucy,9,Food,3,120,0
Mia,10,Food,1,120,0
Mia,10,Distress,2,120,0
Mia,10,Reading,3,120,0
Tibbie,11,Food,1,55.77,1
Tibbie,11,Distress,2,5.67,1
Tibbie,11,Reading,3,120,0
Max,12,Distress,1,15.65,1
Max,12,Food,2,120,0
Max,12,Reading,3,120,0
Bella,13,Distress,1,120,0
Bella,13,Reading,2,120,0
Bella,13,Food,3,120,0
Asher*,14,NA,NA,NA,NA
Asher*,14,NA,NA,NA,NA
Asher*,14,NA,NA,NA,NA
Louie,15,Reading,1,120,0
Louie,15,Food,2,120,0
Louie,15,Distress,3,120,0
Rexy,16,Reading,1,120,0
Rexy,16,Food,2,120,0
Rexy,16,Distress,3,120,0
Odie,17,Distress,1,120,0
Odie,17,Food,2,120,0
Odie,17,Reading,3,120,0
Wynne,18,Distress,1,120,0
Wynne,18,Food,2,120,0
Wynne,18,Reading,3,120,0
Phlash,19,Food,1,120,0
Phlash,19,Reading,2,120,0
Phlash,19,Distress,3,120,0
Tess,20,Food,1,120,0
Tess,20,Distress,2,120,0
Tess,20,Reading,3,120,0
Piggy,21,Food,1,120,0
Piggy,21,Reading,2,120,0
Piggy,21,Distress,3,120,0
Manny,22,Reading,1,29.25,1
Manny,22,Food,2,2.38,1
Manny,22,Distress,3,14.46,1
Baby,23,Food,1,120,0
Baby,23,Reading,2,120,0
Baby,23,Distress,3,120,0
Stella,24,Food,1,65.64,1
Stella,24,Reading,2,7.92,1
Stella,24,Distress,3,4.86,1
Moose,25,Distress,1,120,0
Moose,25,Food,2,52.18,1
Moose,25,Reading,3,120,0
Penny,26,Food,1,120,0
Penny,26,Distress,2,120,0
Penny,26,Reading,3,120,0
Winston,27,Reading,1,120,0
Winston,27,Distress,2,120,0
Winston,27,Food,3,120,0
Calder,28,Distress,1,120,0
Calder,28,Food,2,120,0
Calder,28,Reading,3,120,0
Uzi,29,Reading,1,120,0
Uzi,29,Food,2,78.18,1
Uzi,29,Distress,3,3.21,1
Bullett,30,Reading,1,120,0
Bullett,30,Food,2,120,0
Bullett,30,Distress,3,120,0
Ak,31,Reading,1,120,0
Ak,31,Food,2,120,0
Ak,31,Distress,3,120,0
Moses,32,Distress,1,120,0
Moses,32,Food,2,120,0
Moses,32,Reading,3,120,0
Kip,33,Distress,1,120,0
Kip,33,Reading,2,120,0
Kip,33,Food,3,120,0
Olive,34,Food,1,120,0
Olive,34,Distress,2,120,0
Olive,34,Reading,3,120,0
Fulana,35,Food,1,120,0
Fulana,35,Reading,2,120,0
Fulana,35,Distress,3,120,0
Jasmine,36,Distress,1,38.31,1
Jasmine,36,Reading,2,14.36,1
Jasmine,36,Food,3,3.25,1
Nay Nay,37,Distress,1,120,0
Nay Nay,37,Reading,2,120,0
Nay Nay,37,Food,3,120,0
Mori,38,Food,1,120,0
Mori,38,Distress,2,120,0
Mori,38,Reading,3,120,0
Milo*,39,NA,NA,NA,NA
Milo*,39,NA,NA,NA,NA
Milo*,39,NA,NA,NA,NA
Basquiat,40,Reading,1,120,0
Basquiat,40,Distress,2,120,0
Basquiat,40,Food,3,120,0
Henry,41,Distress,1,11.28,1
Henry,41,Food,2,115.4,1
Henry,41,Reading,3,54.87,1
Chip,42,Food,1,120,0
Chip,42,Distress,2,120,0
Chip,42,Reading,3,120,0
Eloise,43,Reading,1,5.17,1
Eloise,43,Distress,2,19.31,1
Eloise,43,Food,3,2.7,1
Kukkula,44,Food,1,120,0
Kukkula,44,Reading,2,120,0
Kukkula,44,Distress,3,120,0
Greta,45,Distress,1,120,0
Greta,45,Food,2,120,0
Greta,45,Reading,3,120,0
Kiba,46,Reading,1,120,0
Kiba,46,Distress,2,120,0
Kiba,46,Food,3,19.04,1
Daisy,47,Reading,1,120,0
Daisy,47,Distress,2,120,0
Daisy,47,Food,3,120,0
Auberon,48,Reading,1,120,0
Auberon,48,Food,2,120,0
Auberon,48,Distress,3,120,0
Oso,49,Food,1,120,0
Oso,49,Distress,2,120,0
Oso,49,Reading,3,120,0
Ticket,50,Food,1,120,0
Ticket,50,Reading,2,120,0
Ticket,50,Distress,3,120,0
Cody,51,Distress,1,66.32,1
Cody,51,Reading,2,120,0
Cody,51,Food,3,120,0
Leo,52,Distress,1,120,0
Leo,52,Reading,2,120,0
Leo,52,Food,3,120,0
Kira,53,Distress,1,120,0
Kira,53,Food,2,120,0
Kira,53,Reading,3,120,0
Puddy,54,Reading,1,17.12,1
Puddy,54,Food,2,4.65,1
Puddy,54,Distress,3,5.25,1
Zelda,55,Reading,1,120,0
Zelda,55,Food,2,120,0
Zelda,55,Distress,3,120,0
Izzi,56,Food,1,120,0
Izzi,56,Distress,2,8.22,1
Izzi,56,Reading,3,1.24,1
Barkley,57,Food,1,120,0
Barkley,57,Reading,2,120,0
Barkley,57,Distress,3,120,0
Almond*,58,NA,NA,NA,NA
Almond*,58,NA,NA,NA,NA
Almond*,58,NA,NA,NA,NA
Quest,59,Reading,1,6.78,1
Quest,59,Distress,2,13.54,1
Quest,59,Food,3,6.27,1
Quantico,60,Reading,1,120,0
Quantico,60,Distress,2,56.4,1
Quantico,60,Food,3,2.05,1
Vail,61,Food,1,64.91,1
Vail,61,Reading,2,17.82,1
Vail,61,Distress,3,0.73,1
Scout,62,Food,1,15.37,1
Scout,62,Reading,2,13.25,1
Scout,62,Distress,3,34.01,1
Dana,63,Distress,1,120,0
Dana,63,Reading,2,120,0
Dana,63,Food,3,13.03,1
Billy,64,Distress,1,107.74,1
Billy,64,Reading,2,49.53,1
Billy,64,Food,3,83.97,1
Mason,65,Distress,1,120,0
Mason,65,Food,2,120,0
Mason,65,Reading,3,120,0
Rosie,66,Reading,1,120,0
Rosie,66,Food,2,120,0
Rosie,66,Distress,3,120,0
Ozzy,67,Reading,1,27,1
Ozzy,67,Distress,2,31.87,1
Ozzy,67,Food,3,53.38,1
